item,IATA_airport_code,located_in_the_administrative_territorial_entity,located_in_the_administrative_territorial_entityLabel,coordinate_location,official_website,ICAO_airport_code,end_time,country,countryLabel
http://www.wikidata.org/entity/Q175897,AES,http://www.wikidata.org/entity/Q494670,Giske,Point(6.119722222 62.5625),https://avinor.no/flyplass/alesund,ENAL,,http://www.wikidata.org/entity/Q20,Norway
http://www.wikidata.org/entity/Q176187,GAJ,http://www.wikidata.org/entity/Q129465,Tōhoku region,Point(140.371111111 38.411944444),https://www.yamagata-airport.co.jp/,RJSC,,http://www.wikidata.org/entity/Q17,Japan
http://www.wikidata.org/entity/Q176187,GAJ,http://www.wikidata.org/entity/Q823927,Higashine,Point(140.371111111 38.411944444),https://www.yamagata-airport.co.jp/,RJSC,,http://www.wikidata.org/entity/Q17,Japan
http://www.wikidata.org/entity/Q156971,BSL,http://www.wikidata.org/entity/Q384516,Saint-Louis,Point(7.529166666 47.59),http://www.euroairport.com/,LFSB,,http://www.wikidata.org/entity/Q142,France
http://www.wikidata.org/entity/Q156971,MLH,http://www.wikidata.org/entity/Q384516,Saint-Louis,Point(7.529166666 47.59),http://www.euroairport.com/,LFSB,,http://www.wikidata.org/entity/Q142,France
http://www.wikidata.org/entity/Q156971,BSL,http://www.wikidata.org/entity/Q384516,Saint-Louis,Point(7.529166666 47.59),http://www.euroairport.com/,LSZM,,http://www.wikidata.org/entity/Q142,France
http://www.wikidata.org/entity/Q156971,MLH,http://www.wikidata.org/entity/Q384516,Saint-Louis,Point(7.529166666 47.59),http://www.euroairport.com/,LSZM,,http://www.wikidata.org/entity/Q142,France
http://www.wikidata.org/entity/Q158211,HHN,http://www.wikidata.org/entity/Q8574,Rhein-Hunsrück-Kreis,Point(7.264166666 49.948333333),https://www.hahn-airport.de/en,EDFH,,http://www.wikidata.org/entity/Q183,Germany
http://www.wikidata.org/entity/Q158211,HHN,http://www.wikidata.org/entity/Q8574,Rhein-Hunsrück-Kreis,Point(7.264166666 49.948333333),https://www.hahn-airport.de/de,EDFH,,http://www.wikidata.org/entity/Q183,Germany
http://www.wikidata.org/entity/Q158732,STR,http://www.wikidata.org/entity/Q7032,Filderstadt,Point(9.221944444 48.69),http://www.flughafen-stuttgart.de/,EDDS,,http://www.wikidata.org/entity/Q183,Germany
http://www.wikidata.org/entity/Q160094,HUI,http://www.wikidata.org/entity/Q1022242,North Central Coast,Point(107.702777777 16.401666666),https://www.vietnamairport.vn/phubaiairport/,VVPB,,http://www.wikidata.org/entity/Q881,Vietnam
http://www.wikidata.org/entity/Q165146,DLI,,,Point(108.373611 11.750556),http://lienkhuongairport.vn,VVDL,,http://www.wikidata.org/entity/Q881,Vietnam
http://www.wikidata.org/entity/Q170169,HAJ,http://www.wikidata.org/entity/Q4158,Langenhagen,Point(9.685 52.460833333),http://www.hannover-airport.de,EDDV,,http://www.wikidata.org/entity/Q183,Germany
http://www.wikidata.org/entity/Q170343,VCA,http://www.wikidata.org/entity/Q216075,Cần Thơ,Point(105.711944444 10.085277777),http://www.canthoairport.com/,VVCT,,http://www.wikidata.org/entity/Q881,Vietnam
http://www.wikidata.org/entity/Q174194,,http://www.wikidata.org/entity/Q36074,Queensland,Point(153.008055555 -27.570277777),,YBAF,,http://www.wikidata.org/entity/Q408,Australia
http://www.wikidata.org/entity/Q174764,RGN,http://www.wikidata.org/entity/Q856781,Yangon Region,Point(96.133055555 16.907222222),http://www.yangonairportonline.com,VYYY,,http://www.wikidata.org/entity/Q836,Myanmar
http://www.wikidata.org/entity/Q175028,SYR,http://www.wikidata.org/entity/Q1384,New York,Point(-76.106388888 43.111111111),http://www.flysyracuse.com/,KSYR,,http://www.wikidata.org/entity/Q30,United States of America
http://www.wikidata.org/entity/Q175194,ANS,http://www.wikidata.org/entity/Q1798747,Andahuaylas Province,Point(-73.352777777 -13.712777777),,SPHY,,http://www.wikidata.org/entity/Q419,Peru
http://www.wikidata.org/entity/Q485688,,http://www.wikidata.org/entity/Q42147,Cheongju,Point(127.5 36.568055555),,RKTE,,http://www.wikidata.org/entity/Q884,South Korea
http://www.wikidata.org/entity/Q488355,HIN,http://www.wikidata.org/entity/Q42100,Sacheon,Point(128.070369444 35.088541666),http://www.airport.co.kr/doc/sacheon_eng/etc/sitemap.jsp,RKPS,,http://www.wikidata.org/entity/Q884,South Korea
http://www.wikidata.org/entity/Q488368,WOS,http://www.wikidata.org/entity/Q41416,Kangwon Province,Point(127.483666666 39.162638888),,ZKWS,,http://www.wikidata.org/entity/Q423,North Korea
http://www.wikidata.org/entity/Q489736,PUW,http://www.wikidata.org/entity/Q1223,Washington,Point(-117.109 46.7439),http://flypuw.com,KPUW,,http://www.wikidata.org/entity/Q30,United States of America
http://www.wikidata.org/entity/Q490189,,http://www.wikidata.org/entity/Q2079455,Engure Municipality,Point(23.223333333 56.941666666),http://jurmalaairport.com//,EVJA,,http://www.wikidata.org/entity/Q211,Latvia
http://www.wikidata.org/entity/Q491213,MPK,http://www.wikidata.org/entity/Q42094,Mokpo,Point(126.379872222 34.758905555),,RKJM,,http://www.wikidata.org/entity/Q884,South Korea
http://www.wikidata.org/entity/Q491258,KUV,http://www.wikidata.org/entity/Q42074,Gunsan,Point(126.615666666 35.925961111),http://www.airport.co.kr/gunsaneng/index.do,RKJK,,http://www.wikidata.org/entity/Q884,South Korea
http://www.wikidata.org/entity/Q492694,TOJ,http://www.wikidata.org/entity/Q489839,Quelzaquetenago,Point(-3.445833333 40.496666666),http://www.aena-aeropuertos.es/csee/Satellite/Aeropuerto-Madrid-Torrejon/en,LETO,,http://www.wikidata.org/entity/Q29,Spain
http://www.wikidata.org/entity/Q17533,CRB,http://www.wikidata.org/entity/Q2982734,Collarenebri,Point(148.5677778 -29.515),,YCBR,,http://www.wikidata.org/entity/Q408,Australia
http://www.wikidata.org/entity/Q17534,OOM,http://www.wikidata.org/entity/Q1129726,Cooma,Point(148.973333333 -36.3),http://www.snowymountainsairport.com.au/,YCOM,,http://www.wikidata.org/entity/Q408,Australia
http://www.wikidata.org/entity/Q17535,COJ,http://www.wikidata.org/entity/Q820679,Warrumbungle Shire,Point(149.2677778 -31.331666666),,YCBB,,http://www.wikidata.org/entity/Q408,Australia
http://www.wikidata.org/entity/Q17535,COJ,http://www.wikidata.org/entity/Q1000123,Coonabarabran,Point(149.2677778 -31.331666666),,YCBB,,http://www.wikidata.org/entity/Q408,Australia
http://www.wikidata.org/entity/Q17536,CNB,http://www.wikidata.org/entity/Q752632,Coonamble Shire,Point(148.375 -30.983333333),,YCNM,,http://www.wikidata.org/entity/Q408,Australia
http://www.wikidata.org/entity/Q17536,CNB,http://www.wikidata.org/entity/Q1016277,Coonamble,Point(148.375 -30.983333333),,YCNM,,http://www.wikidata.org/entity/Q408,Australia
http://www.wikidata.org/entity/Q17537,CMD,http://www.wikidata.org/entity/Q746295,Cootamundra Shire,Point(148.0344444 -34.631666666),,YCTM,,http://www.wikidata.org/entity/Q408,Australia
http://www.wikidata.org/entity/Q17537,CMD,http://www.wikidata.org/entity/Q2595446,Cootamundra,Point(148.0344444 -34.631666666),,YCTM,,http://www.wikidata.org/entity/Q408,Australia
http://www.wikidata.org/entity/Q17538,CWW,http://www.wikidata.org/entity/Q2482882,Corowa,Point(146.351666666 -35.99),,YCOR,,http://www.wikidata.org/entity/Q408,Australia
http://www.wikidata.org/entity/Q17539,CWT,http://www.wikidata.org/entity/Q753124,Cowra Shire,Point(148.648333333 -33.845),,YCWR,,http://www.wikidata.org/entity/Q408,Australia
http://www.wikidata.org/entity/Q17539,CWT,http://www.wikidata.org/entity/Q1138239,Cowra,Point(148.648333333 -33.845),,YCWR,,http://www.wikidata.org/entity/Q408,Australia
http://www.wikidata.org/entity/Q17539,CWT,http://www.wikidata.org/entity/Q63527748,Mulyan,Point(148.648333333 -33.845),,YCWR,,http://www.wikidata.org/entity/Q408,Australia
http://www.wikidata.org/entity/Q17540,DNQ,http://www.wikidata.org/entity/Q580336,Deniliquin Council,Point(144.946666666 -35.56),,YDLQ,,http://www.wikidata.org/entity/Q408,Australia
http://www.wikidata.org/entity/Q17540,DNQ,http://www.wikidata.org/entity/Q1002118,Deniliquin,Point(144.946666666 -35.56),,YDLQ,,http://www.wikidata.org/entity/Q408,Australia
http://www.wikidata.org/entity/Q17540,DNQ,http://www.wikidata.org/entity/Q63529711,South Deniliquin,Point(144.946666666 -35.56),,YDLQ,,http://www.wikidata.org/entity/Q408,Australia
http://www.wikidata.org/entity/Q17542,DBO,http://www.wikidata.org/entity/Q706105,Dubbo,Point(148.574722222 -32.216666666),http://www.dubboairport.com.au/,YSDU,,http://www.wikidata.org/entity/Q408,Australia
http://www.wikidata.org/entity/Q17542,DBO,http://www.wikidata.org/entity/Q1262981,City of Dubbo,Point(148.574722222 -32.216666666),http://www.dubboairport.com.au/,YSDU,,http://www.wikidata.org/entity/Q408,Australia
http://www.wikidata.org/entity/Q17542,DBO,http://www.wikidata.org/entity/Q63522367,Dubbo,Point(148.574722222 -32.216666666),http://www.dubboairport.com.au/,YSDU,,http://www.wikidata.org/entity/Q408,Australia
http://www.wikidata.org/entity/Q17543,FRB,http://www.wikidata.org/entity/Q2107368,Forbes,Point(147.935 -33.363333333),,YFBS,,http://www.wikidata.org/entity/Q408,Australia
http://www.wikidata.org/entity/Q17544,GLI,http://www.wikidata.org/entity/Q753416,Glen Innes Severn,Point(151.6844444 -29.665),,YGLI,,http://www.wikidata.org/entity/Q408,Australia
http://www.wikidata.org/entity/Q17544,GLI,http://www.wikidata.org/entity/Q1009515,Glen Innes,Point(151.6844444 -29.665),,YGLI,,http://www.wikidata.org/entity/Q408,Australia
http://www.wikidata.org/entity/Q17545,GUL,http://www.wikidata.org/entity/Q605235,Goulburn,Point(149.7177778 -34.815),,YGLB,,http://www.wikidata.org/entity/Q408,Australia
http://www.wikidata.org/entity/Q17545,GUL,http://www.wikidata.org/entity/Q753508,Goulburn Mulwaree Council,Point(149.7177778 -34.815),,YGLB,,http://www.wikidata.org/entity/Q408,Australia
http://www.wikidata.org/entity/Q17546,GFN,http://www.wikidata.org/entity/Q283019,Clarence Valley Council,Point(152.9177778 -29.698333333),http://www.clarence.nsw.gov.au/cp_themes/default/page.asp?p=DOC-LTD-41-41-75,YGFN,,http://www.wikidata.org/entity/Q408,Australia
http://www.wikidata.org/entity/Q17546,GFN,http://www.wikidata.org/entity/Q1025587,Grafton,Point(152.9177778 -29.698333333),http://www.clarence.nsw.gov.au/cp_themes/default/page.asp?p=DOC-LTD-41-41-75,YGFN,,http://www.wikidata.org/entity/Q408,Australia
http://www.wikidata.org/entity/Q17546,GFN,http://www.wikidata.org/entity/Q63529691,Southampton,Point(152.9177778 -29.698333333),http://www.clarence.nsw.gov.au/cp_themes/default/page.asp?p=DOC-LTD-41-41-75,YGFN,,http://www.wikidata.org/entity/Q408,Australia
http://www.wikidata.org/entity/Q17546,GFN,http://www.wikidata.org/entity/Q283019,Clarence Valley Council,Point(153.0344444 -29.748333333),http://www.clarence.nsw.gov.au/cp_themes/default/page.asp?p=DOC-LTD-41-41-75,YGFN,,http://www.wikidata.org/entity/Q408,Australia
http://www.wikidata.org/entity/Q17546,GFN,http://www.wikidata.org/entity/Q1025587,Grafton,Point(153.0344444 -29.748333333),http://www.clarence.nsw.gov.au/cp_themes/default/page.asp?p=DOC-LTD-41-41-75,YGFN,,http://www.wikidata.org/entity/Q408,Australia
http://www.wikidata.org/entity/Q17546,GFN,http://www.wikidata.org/entity/Q63529691,Southampton,Point(153.0344444 -29.748333333),http://www.clarence.nsw.gov.au/cp_themes/default/page.asp?p=DOC-LTD-41-41-75,YGFN,,http://www.wikidata.org/entity/Q408,Australia
http://www.wikidata.org/entity/Q17547,GFF,http://www.wikidata.org/entity/Q753590,City of Griffith,Point(146.0677778 -34.248333333),,YGTH,,http://www.wikidata.org/entity/Q408,Australia
http://www.wikidata.org/entity/Q17547,GFF,http://www.wikidata.org/entity/Q63549164,Wyangan,Point(146.0677778 -34.248333333),,YGTH,,http://www.wikidata.org/entity/Q408,Australia
http://www.wikidata.org/entity/Q17548,GUH,http://www.wikidata.org/entity/Q753458,Gunnedah Shire,Point(150.25 -30.961666666),,YGDH,,http://www.wikidata.org/entity/Q408,Australia
http://www.wikidata.org/entity/Q17548,GUH,http://www.wikidata.org/entity/Q1554825,Gunnedah,Point(150.25 -30.961666666),,YGDH,,http://www.wikidata.org/entity/Q408,Australia
http://www.wikidata.org/entity/Q17548,GUH,http://www.wikidata.org/entity/Q63548637,Weetaliba,Point(150.25 -30.961666666),,YGDH,,http://www.wikidata.org/entity/Q408,Australia
http://www.wikidata.org/entity/Q17549,HXX,http://www.wikidata.org/entity/Q649319,Hay Shire,Point(144.829722222 -34.531388888),,YHAY,,http://www.wikidata.org/entity/Q408,Australia
http://www.wikidata.org/entity/Q17549,HXX,http://www.wikidata.org/entity/Q1010837,Hay,Point(144.829722222 -34.531388888),,YHAY,,http://www.wikidata.org/entity/Q408,Australia
http://www.wikidata.org/entity/Q17551,IVR,http://www.wikidata.org/entity/Q753404,Inverell Shire,Point(151.144166666 -29.888333333),https://inverell.nsw.gov.au/services-and-facilities/inverell-airport/,YIVL,,http://www.wikidata.org/entity/Q408,Australia
http://www.wikidata.org/entity/Q17551,IVR,http://www.wikidata.org/entity/Q1009627,Inverell,Point(151.144166666 -29.888333333),https://inverell.nsw.gov.au/services-and-facilities/inverell-airport/,YIVL,,http://www.wikidata.org/entity/Q408,Australia
http://www.wikidata.org/entity/Q17552,KPS,http://www.wikidata.org/entity/Q753463,Kempsey Shire,Point(152.7677778 -31.065),,YKMP,,http://www.wikidata.org/entity/Q408,Australia
http://www.wikidata.org/entity/Q17552,KPS,http://www.wikidata.org/entity/Q1619596,Kempsey,Point(152.7677778 -31.065),,YKMP,,http://www.wikidata.org/entity/Q408,Australia
http://www.wikidata.org/entity/Q17552,KPS,http://www.wikidata.org/entity/Q63549426,Yarravel,Point(152.7677778 -31.065),,YKMP,,http://www.wikidata.org/entity/Q408,Australia
http://www.wikidata.org/entity/Q17553,LHG,http://www.wikidata.org/entity/Q265390,Walgett Shire,Point(147.985 -29.456666666),,YLRD,,http://www.wikidata.org/entity/Q408,Australia
http://www.wikidata.org/entity/Q17553,LHG,http://www.wikidata.org/entity/Q1001654,Lightning Ridge,Point(147.985 -29.456666666),,YLRD,,http://www.wikidata.org/entity/Q408,Australia
http://www.wikidata.org/entity/Q17555,LSY,http://www.wikidata.org/entity/Q35001,Lismore,Point(153.26 -28.828055555),https://www.lismore.nsw.gov.au/cp_themes/default/page.asp?p=DOC-YRC-87-72-53,YLIS,,http://www.wikidata.org/entity/Q408,Australia
http://www.wikidata.org/entity/Q17555,LSY,http://www.wikidata.org/entity/Q753599,City of Lismore,Point(153.26 -28.828055555),https://www.lismore.nsw.gov.au/cp_themes/default/page.asp?p=DOC-YRC-87-72-53,YLIS,,http://www.wikidata.org/entity/Q408,Australia
http://www.wikidata.org/entity/Q290929,FAY,http://www.wikidata.org/entity/Q1454,North Carolina,Point(-78.880277777 34.991111111),http://www.flyfay.com/,KFAY,,http://www.wikidata.org/entity/Q30,United States of America
http://www.wikidata.org/entity/Q301121,,http://www.wikidata.org/entity/Q26,Northern Ireland,Point(-5.691944444 54.581111111),,EGAD,,http://www.wikidata.org/entity/Q145,United Kingdom
http://www.wikidata.org/entity/Q301648,,http://www.wikidata.org/entity/Q13675,Eastern Visayas,Point(125.73985278 11.034425),,RPVG,,http://www.wikidata.org/entity/Q928,Philippines
http://www.wikidata.org/entity/Q304719,CSY,http://www.wikidata.org/entity/Q5470,Cheboksary,Point(47.347222222 56.09),http://www.aerocheb.ru/,UWKS,,http://www.wikidata.org/entity/Q159,Russia
http://www.wikidata.org/entity/Q305185,,,,Point(6.543455555 48.593275),,LFQC,,http://www.wikidata.org/entity/Q142,France
http://www.wikidata.org/entity/Q313587,DTM,http://www.wikidata.org/entity/Q2326741,Brackel (district),Point(7.612222222 51.518333333),https://www.dortmund-airport.de,EDLW,,http://www.wikidata.org/entity/Q183,Germany
http://www.wikidata.org/entity/Q319654,LGA,http://www.wikidata.org/entity/Q18424,Queens,Point(-73.875 40.775),https://www.laguardiaairport.com/,KLGA,,http://www.wikidata.org/entity/Q30,United States of America
http://www.wikidata.org/entity/Q320266,,http://www.wikidata.org/entity/Q3959,Kerpen,Point(6.658166666 50.831166666),,ETNN,,http://www.wikidata.org/entity/Q183,Germany
http://www.wikidata.org/entity/Q320266,,http://www.wikidata.org/entity/Q200068,Nörvenich,Point(6.658166666 50.831166666),,ETNN,,http://www.wikidata.org/entity/Q183,Germany
http://www.wikidata.org/entity/Q321224,YVR,http://www.wikidata.org/entity/Q236837,Richmond,Point(-123.184 49.1947),http://www.yvr.ca/,CYVR,,http://www.wikidata.org/entity/Q16,Canada
http://www.wikidata.org/entity/Q321224,YVR,http://www.wikidata.org/entity/Q236837,Richmond,Point(-123.184 49.1947),http://www.yvr.ca/en/,CYVR,,http://www.wikidata.org/entity/Q16,Canada
http://www.wikidata.org/entity/Q321224,YVR,http://www.wikidata.org/entity/Q236837,Richmond,Point(-123.184 49.1947),http://www.yvr.ca/fr/,CYVR,,http://www.wikidata.org/entity/Q16,Canada
http://www.wikidata.org/entity/Q321224,YVR,http://www.wikidata.org/entity/Q236837,Richmond,Point(-123.184 49.1947),http://www.yvr.ca/zh-cn/,CYVR,,http://www.wikidata.org/entity/Q16,Canada
http://www.wikidata.org/entity/Q155359,ZAD,http://www.wikidata.org/entity/Q189412,Zemunik Donji,Point(15.346666666 44.108333333),http://www.zadar-airport.hr/en/,LDZD,,http://www.wikidata.org/entity/Q224,Croatia
http://www.wikidata.org/entity/Q156971,EAP,http://www.wikidata.org/entity/Q384516,Saint-Louis,Point(7.529166666 47.59),http://www.euroairport.com/,LFSB,,http://www.wikidata.org/entity/Q142,France
http://www.wikidata.org/entity/Q156971,EAP,http://www.wikidata.org/entity/Q384516,Saint-Louis,Point(7.529166666 47.59),http://www.euroairport.com/,LSZM,,http://www.wikidata.org/entity/Q142,France
http://www.wikidata.org/entity/Q577067,VVO,http://www.wikidata.org/entity/Q4341,Primorsky Krai,Point(132.151388888 43.399166666),http://vvo.aero/en/,UHWW,,http://www.wikidata.org/entity/Q159,Russia
http://www.wikidata.org/entity/Q577790,LNV,http://www.wikidata.org/entity/Q838690,New Ireland Province,Point(152.6279 -3.0424),,AYKY,,http://www.wikidata.org/entity/Q691,Papua New Guinea
http://www.wikidata.org/entity/Q580409,BOH,http://www.wikidata.org/entity/Q2511901,Hurn,Point(-1.8425 50.78),https://www.bournemouthairport.com/,EGHH,,http://www.wikidata.org/entity/Q145,United Kingdom
http://www.wikidata.org/entity/Q580554,NRK,http://www.wikidata.org/entity/Q504676,Norrköping Municipality,Point(16.231667 58.586111),http://www.norrkopingflygplats.se,ESSP,,http://www.wikidata.org/entity/Q34,Sweden
http://www.wikidata.org/entity/Q581004,SQO,http://www.wikidata.org/entity/Q499415,Storuman Municipality,Point(17.7 64.955555555),http://www.storumansflygplats.se/,ESUD,,http://www.wikidata.org/entity/Q34,Sweden
http://www.wikidata.org/entity/Q581545,KRK,http://www.wikidata.org/entity/Q138828,Balice,Point(19.784722222 50.077777777),http://www.krakowairport.pl/en/,EPKK,,http://www.wikidata.org/entity/Q36,Poland
http://www.wikidata.org/entity/Q581683,PIO,http://www.wikidata.org/entity/Q290504,Pisco,Point(-76.220277777 -13.745),http://www.adp.com.pe/,SPSO,,http://www.wikidata.org/entity/Q419,Peru
http://www.wikidata.org/entity/Q581901,LSC,http://www.wikidata.org/entity/Q14467,La Serena,Point(-71.19944444 -29.91611111),http://www.aeropuertodelaserena.cl/es/,SCSE,,http://www.wikidata.org/entity/Q298,Chile
http://www.wikidata.org/entity/Q582306,ONQ,http://www.wikidata.org/entity/Q272709,Çaycuma,Point(32.0886 41.5064),http://www.dhmi.gov.tr/aerodromes.aspx?hv=41,LTAS,,http://www.wikidata.org/entity/Q43,Turkey
http://www.wikidata.org/entity/Q582746,ODO,http://www.wikidata.org/entity/Q6585,Irkutsk Oblast,Point(114.2425 57.866388888),,UIKB,,http://www.wikidata.org/entity/Q159,Russia
http://www.wikidata.org/entity/Q583424,PBC,http://www.wikidata.org/entity/Q79923,Puebla,Point(-98.371388888 19.158055555),https://www.aeropuertosasa.mx/aeropuerto_de_puebla.php,MMPB,,http://www.wikidata.org/entity/Q96,Mexico
http://www.wikidata.org/entity/Q27117,ETH,http://www.wikidata.org/entity/Q134762,Eilat,Point(34.959167 29.559445),http://www.iaa.gov.il/Rashat/en-US/Airports/Eilat/,LLET,,http://www.wikidata.org/entity/Q801,Israel
http://www.wikidata.org/entity/Q27117,ETH,http://www.wikidata.org/entity/Q188781,Southern District,Point(34.959167 29.559445),http://www.iaa.gov.il/Rashat/en-US/Airports/Eilat/,LLET,,http://www.wikidata.org/entity/Q801,Israel
http://www.wikidata.org/entity/Q27217,MVQ,http://www.wikidata.org/entity/Q154835,Mogilev,Point(30.095 53.955),,UMOO,,http://www.wikidata.org/entity/Q184,Belarus
http://www.wikidata.org/entity/Q27253,,http://www.wikidata.org/entity/Q200797,Polotsk,Point(28.748333333 55.411666666),,http://www.wikidata.org/.well-known/genid/b15b7eaa6d4bf8de69a946a65b150568,,http://www.wikidata.org/entity/Q184,Belarus
http://www.wikidata.org/entity/Q27268,URA,http://www.wikidata.org/entity/Q486007,West Kazakhstan Region,Point(51.543055555 51.150833333),http://www.oralairport.kz/,UARR,,http://www.wikidata.org/entity/Q232,Kazakhstan
http://www.wikidata.org/entity/Q27301,JDG,http://www.wikidata.org/entity/Q41164,Jeju Province,Point(126.713055555 33.398333333),,RKPD,,http://www.wikidata.org/entity/Q884,South Korea
http://www.wikidata.org/entity/Q27546,GME,http://www.wikidata.org/entity/Q2678,Gomel,Point(31.016666666 52.526944444),http://www.gomelavia.com/,UMGG,,http://www.wikidata.org/entity/Q184,Belarus
http://www.wikidata.org/entity/Q27706,HAM,http://www.wikidata.org/entity/Q1627,Hamburg-Nord,Point(9.991111 53.630278),http://www.hamburg-airport.de/,EDDH,,http://www.wikidata.org/entity/Q183,Germany
http://www.wikidata.org/entity/Q27706,HAM,http://www.wikidata.org/entity/Q3928,Norderstedt,Point(9.991111 53.630278),http://www.hamburg-airport.de/,EDDH,,http://www.wikidata.org/entity/Q183,Germany
http://www.wikidata.org/entity/Q28461,SKT,http://www.wikidata.org/entity/Q3246527,Sambrial,Point(74.363888888 32.535555555),http://www.sial.com.pk,OPST,,http://www.wikidata.org/entity/Q843,Pakistan
http://www.wikidata.org/entity/Q28831,VII,http://www.wikidata.org/entity/Q33428,Vinh,Point(105.670833 18.736667),https://www.vietnamairport.vn/vinhairport/en/,VVVH,,http://www.wikidata.org/entity/Q881,Vietnam
http://www.wikidata.org/entity/Q29104,MLE,http://www.wikidata.org/entity/Q1412352,Hulhulé Island,Point(73.529111 4.191833),https://macl.aero/,VRMM,,http://www.wikidata.org/entity/Q826,Maldives
http://www.wikidata.org/entity/Q29759,,http://www.wikidata.org/entity/Q13142,Fano,Point(13.02558056 43.82378333),,LIDF,,http://www.wikidata.org/entity/Q38,Italy
http://www.wikidata.org/entity/Q30524,QUB,http://www.wikidata.org/entity/Q48233,Wadi al Hayaa District,Point(12.8231 26.5672),,HLUB,,http://www.wikidata.org/entity/Q1016,Libya
http://www.wikidata.org/entity/Q30542,AKF,http://www.wikidata.org/entity/Q48200,Kufra District,Point(23.3133 24.1767),,HLKF,,http://www.wikidata.org/entity/Q1016,Libya
http://www.wikidata.org/entity/Q31569,MUX,http://www.wikidata.org/entity/Q4478,Punjab,Point(71.419166666 30.203333333),http://www.multaninternationalairport.com.pk,OPMT,,http://www.wikidata.org/entity/Q843,Pakistan
http://www.wikidata.org/entity/Q31580,LYP,http://www.wikidata.org/entity/Q4478,Punjab,Point(72.994722222 31.365),http://www.caapakistan.com.pk/timeline/fsbd/timeline-fsbd.aspx,OPFA,,http://www.wikidata.org/entity/Q843,Pakistan
http://www.wikidata.org/entity/Q31581,UET,http://www.wikidata.org/entity/Q163239,Balochistan,Point(66.93868 30.252145),,OPQT,,http://www.wikidata.org/entity/Q843,Pakistan
http://www.wikidata.org/entity/Q32159,SIN,http://www.wikidata.org/entity/Q1812824,Changi,Point(103.989444 1.359167),http://www.changiairport.com,WSSS,,http://www.wikidata.org/entity/Q334,Singapore
http://www.wikidata.org/entity/Q33130,SRX,http://www.wikidata.org/entity/Q26417,Sirte District,Point(16.595 31.063333333),,HLGD,,http://www.wikidata.org/entity/Q1016,Libya
http://www.wikidata.org/entity/Q36171,LAQ,http://www.wikidata.org/entity/Q35784,Al Bayda,Point(21.964166666 32.788611111),,HLLQ,,http://www.wikidata.org/entity/Q1016,Libya
http://www.wikidata.org/entity/Q36420,PVG,http://www.wikidata.org/entity/Q125378,Pudong,Point(121.805278 31.143333),https://www.shairport.com/index_enpdjc.html,ZSPD,,http://www.wikidata.org/entity/Q148,People's Republic of China
http://www.wikidata.org/entity/Q36454,NRT,http://www.wikidata.org/entity/Q273798,Narita,Point(140.38845 35.7649),https://www.narita-airport.jp/,RJAA,,http://www.wikidata.org/entity/Q17,Japan
http://www.wikidata.org/entity/Q36460,MRU,http://www.wikidata.org/entity/Q3929,Port Louis,Point(57.683022222 -20.430027777),https://aml.mru.aero/,FIMP,,http://www.wikidata.org/entity/Q1027,Mauritius
http://www.wikidata.org/entity/Q38805,SBH,http://www.wikidata.org/entity/Q25362,Saint Barthélemy,Point(-62.843888888 17.904444444),,TFFJ,,http://www.wikidata.org/entity/Q142,France
http://www.wikidata.org/entity/Q39164,BOO,http://www.wikidata.org/entity/Q221119,Bodø,Point(14.365277777 67.269166666),https://avinor.no/en/airport/bodo-airport/,ENBO,,http://www.wikidata.org/entity/Q20,Norway
http://www.wikidata.org/entity/Q39164,BOO,http://www.wikidata.org/entity/Q221119,Bodø,Point(14.36443 67.27121),https://avinor.no/en/airport/bodo-airport/,ENBO,,http://www.wikidata.org/entity/Q20,Norway
http://www.wikidata.org/entity/Q39164,BOO,http://www.wikidata.org/entity/Q221119,Bodø,Point(14.365277777 67.269166666),https://avinor.no/flyplass/bodo/,ENBO,,http://www.wikidata.org/entity/Q20,Norway
http://www.wikidata.org/entity/Q39164,BOO,http://www.wikidata.org/entity/Q221119,Bodø,Point(14.36443 67.27121),https://avinor.no/flyplass/bodo/,ENBO,,http://www.wikidata.org/entity/Q20,Norway
http://www.wikidata.org/entity/Q41292,MRA,http://www.wikidata.org/entity/Q131323,Misrata,Point(15.059722222 32.325555555),http://www.misurataairport.ly/,HLMS,,http://www.wikidata.org/entity/Q1016,Libya
http://www.wikidata.org/entity/Q41293,SEB,,,Point(14.472525 26.986963888),,HLLS,,http://www.wikidata.org/entity/Q1016,Libya
http://www.wikidata.org/entity/Q44553,BEN,http://www.wikidata.org/entity/Q4888033,Benina,Point(20.270833 32.0975),,HLLB,,http://www.wikidata.org/entity/Q1016,Libya
http://www.wikidata.org/entity/Q575865,MPL,http://www.wikidata.org/entity/Q753087,Mauguio,Point(3.959286111 43.578872222),http://www.montpellier.aeroport.fr,LFMT,,http://www.wikidata.org/entity/Q142,France
http://www.wikidata.org/entity/Q576468,JIQ,http://www.wikidata.org/entity/Q713946,Qianjiang District,Point(108.829166666 29.5175),http://www.qjairport.com/,ZUQJ,,http://www.wikidata.org/entity/Q148,People's Republic of China
http://www.wikidata.org/entity/Q576956,PUZ,http://www.wikidata.org/entity/Q498452,North Caribbean Coast Autonomous Region,Point(-83.387703 14.046208),,MNPC,,http://www.wikidata.org/entity/Q811,Nicaragua
http://www.wikidata.org/entity/Q284253,EAL,,,Point(167.333333333 9.083333333),,,,http://www.wikidata.org/entity/Q709,Marshall Islands
http://www.wikidata.org/entity/Q285032,,http://www.wikidata.org/entity/Q1948,Manitoba,Point(-101.014 49.2617),,,,http://www.wikidata.org/entity/Q16,Canada
http://www.wikidata.org/entity/Q286727,,http://www.wikidata.org/entity/Q1223,Washington,Point(-122.404 45.6278),,,,http://www.wikidata.org/entity/Q30,United States of America
http://www.wikidata.org/entity/Q286872,MIK,http://www.wikidata.org/entity/Q190583,Mikkeli,Point(27.2 61.686388888),https://www.mikkeli.fi/sisalto/palvelut/elinkeinot/lentoasema,EFMI,,http://www.wikidata.org/entity/Q33,Finland
http://www.wikidata.org/entity/Q287077,CZU,http://www.wikidata.org/entity/Q235188,Sucre Department,Point(-75.28555556 9.33277778),http://www.aeropuertocorozal.co/,SKCZ,,http://www.wikidata.org/entity/Q739,Colombia
http://www.wikidata.org/entity/Q287371,,http://www.wikidata.org/entity/Q114984,San Antonio de los Baños,Point(-82.509444444 22.871666666),,MUSA,,http://www.wikidata.org/entity/Q241,Cuba
http://www.wikidata.org/entity/Q288537,YDL,http://www.wikidata.org/entity/Q1973,British Columbia,Point(-130.031 58.4222),,CYDL,,http://www.wikidata.org/entity/Q16,Canada
http://www.wikidata.org/entity/Q289972,GVA,http://www.wikidata.org/entity/Q68230,Meyrin,Point(6.109444444 46.238333333),https://www.gva.ch,LSGG,,http://www.wikidata.org/entity/Q39,Switzerland
http://www.wikidata.org/entity/Q290527,IXE,http://www.wikidata.org/entity/Q1185,Karnataka,Point(74.889722222 12.961944444),https://www.aai.aero/en/airports/mangalore,VOML,,http://www.wikidata.org/entity/Q668,India
http://www.wikidata.org/entity/Q1161027,CFN,http://www.wikidata.org/entity/Q60557022,Templecrone,Point(-8.341 55.044192),http://www.donegalairport.ie/,EIDL,,http://www.wikidata.org/entity/Q27,Ireland
http://www.wikidata.org/entity/Q1162558,KTW,http://www.wikidata.org/entity/Q998353,Pyrzowice,Point(19.08 50.474166666),http://www.katowice-airport.com/,EPKT,,http://www.wikidata.org/entity/Q36,Poland
http://www.wikidata.org/entity/Q1655531,CCI,http://www.wikidata.org/entity/Q41115,Santa Catarina,Point(-52.05111 -27.18056),,SSCK,,http://www.wikidata.org/entity/Q155,Brazil
http://www.wikidata.org/entity/Q1655540,,http://www.wikidata.org/entity/Q829,Utah,Point(-112.676 38.2306),http://www.beaverutah.net/airport/,,,http://www.wikidata.org/entity/Q30,United States of America
http://www.wikidata.org/entity/Q1655543,,http://www.wikidata.org/entity/Q824,Oregon,Point(-117.819722222 45.333611111),,,,http://www.wikidata.org/entity/Q30,United States of America
http://www.wikidata.org/entity/Q573547,CCJ,http://www.wikidata.org/entity/Q1030918,Malappuram district,Point(75.955 11.136111111),https://www.aai.aero/airports/calicut,VOCL,,http://www.wikidata.org/entity/Q668,India
http://www.wikidata.org/entity/Q17559,LDH,http://www.wikidata.org/entity/Q104784,Lord Howe Island,Point(159.077222222 -31.538333333),,YLHI,,http://www.wikidata.org/entity/Q408,Australia
http://www.wikidata.org/entity/Q17560,MIM,http://www.wikidata.org/entity/Q752512,Bega Valley Shire,Point(149.901388888 -36.908611111),http://www.merimbulaairport.com.au,YMER,,http://www.wikidata.org/entity/Q408,Australia
http://www.wikidata.org/entity/Q17560,MIM,http://www.wikidata.org/entity/Q3306491,Merimbula,Point(149.901388888 -36.908611111),http://www.merimbulaairport.com.au,YMER,,http://www.wikidata.org/entity/Q408,Australia
http://www.wikidata.org/entity/Q17560,MIM,http://www.wikidata.org/entity/Q63528888,Pambula,Point(149.901388888 -36.908611111),http://www.merimbulaairport.com.au,YMER,,http://www.wikidata.org/entity/Q408,Australia
http://www.wikidata.org/entity/Q17561,MRZ,http://www.wikidata.org/entity/Q187859,Moree,Point(149.844722222 -29.498888888),http://www.mpsc.nsw.gov.au/index.php?option=com_content&view=article&id=65&Itemid=73,YMOR,,http://www.wikidata.org/entity/Q408,Australia
http://www.wikidata.org/entity/Q17561,MRZ,http://www.wikidata.org/entity/Q820167,Moree Plains Shire,Point(149.844722222 -29.498888888),http://www.mpsc.nsw.gov.au/index.php?option=com_content&view=article&id=65&Itemid=73,YMOR,,http://www.wikidata.org/entity/Q408,Australia
http://www.wikidata.org/entity/Q17562,MYA,http://www.wikidata.org/entity/Q753512,Eurobodalla Shire,Point(150.144444444 -35.897777777),,YMRY,,http://www.wikidata.org/entity/Q408,Australia
http://www.wikidata.org/entity/Q17562,MYA,http://www.wikidata.org/entity/Q1488729,Moruya,Point(150.144444444 -35.897777777),,YMRY,,http://www.wikidata.org/entity/Q408,Australia
http://www.wikidata.org/entity/Q17564,DGE,http://www.wikidata.org/entity/Q59819,Mudgee,Point(149.611111111 -32.5625),http://www.midwestern.nsw.gov.au/Community_facilities/Airport.html,YMDG,,http://www.wikidata.org/entity/Q408,Australia
http://www.wikidata.org/entity/Q17564,DGE,http://www.wikidata.org/entity/Q820340,Mid-Western Regional Council,Point(149.611111111 -32.5625),http://www.midwestern.nsw.gov.au/Community_facilities/Airport.html,YMDG,,http://www.wikidata.org/entity/Q408,Australia
http://www.wikidata.org/entity/Q17566,NAA,http://www.wikidata.org/entity/Q181766,Narrabri,Point(149.827222222 -30.319166666),http://www.narrabri.nsw.gov.au/index.cfm?page_id=1249,YNBR,,http://www.wikidata.org/entity/Q408,Australia
http://www.wikidata.org/entity/Q17567,SCF,http://www.wikidata.org/entity/Q816,Arizona,Point(-111.910555555 33.622777777),http://www.scottsdaleaz.gov/airport.asp,KSDL,,http://www.wikidata.org/entity/Q30,United States of America
http://www.wikidata.org/entity/Q17568,NRA,http://www.wikidata.org/entity/Q3224,New South Wales,Point(146.5177778 -34.698333333),http://www.narrandera.nsw.gov.au/cp_themes/default/page.asp?p=DOC-JKF-72-42-47,YNAR,,http://www.wikidata.org/entity/Q408,Australia
http://www.wikidata.org/entity/Q17568,NRA,http://www.wikidata.org/entity/Q820304,Narrandera Shire,Point(146.5177778 -34.698333333),http://www.narrandera.nsw.gov.au/cp_themes/default/page.asp?p=DOC-JKF-72-42-47,YNAR,,http://www.wikidata.org/entity/Q408,Australia
http://www.wikidata.org/entity/Q17569,QRM,http://www.wikidata.org/entity/Q3224,New South Wales,Point(148.224722222 -32.214444444),,YNRM,,http://www.wikidata.org/entity/Q408,Australia
http://www.wikidata.org/entity/Q17569,QRM,http://www.wikidata.org/entity/Q610975,Narromine Shire,Point(148.224722222 -32.214444444),,YNRM,,http://www.wikidata.org/entity/Q408,Australia
http://www.wikidata.org/entity/Q17569,QRM,http://www.wikidata.org/entity/Q18166711,"Timbrebongie - New South Wales",Point(148.224722222 -32.214444444),,YNRM,,http://www.wikidata.org/entity/Q408,Australia
http://www.wikidata.org/entity/Q17570,NTL,http://www.wikidata.org/entity/Q3224,New South Wales,Point(151.834 -32.795),http://www.newcastleairport.com.au,YWLM,,http://www.wikidata.org/entity/Q408,Australia
http://www.wikidata.org/entity/Q17571,NYN,http://www.wikidata.org/entity/Q3224,New South Wales,Point(147.203333333 -31.551666666),,YNYN,,http://www.wikidata.org/entity/Q408,Australia
http://www.wikidata.org/entity/Q17571,NYN,http://www.wikidata.org/entity/Q142160,Bogan Shire,Point(147.203333333 -31.551666666),,YNYN,,http://www.wikidata.org/entity/Q408,Australia
http://www.wikidata.org/entity/Q17571,NYN,http://www.wikidata.org/entity/Q63518264,Bergo,Point(147.203333333 -31.551666666),,YNYN,,http://www.wikidata.org/entity/Q408,Australia
http://www.wikidata.org/entity/Q17573,OAG,http://www.wikidata.org/entity/Q3224,New South Wales,Point(149.1344444 -33.381666666),https://www.orange.nsw.gov.au/orange-regional-airport,YORG,,http://www.wikidata.org/entity/Q408,Australia
http://www.wikidata.org/entity/Q17573,OAG,http://www.wikidata.org/entity/Q1024925,Cabonne Council,Point(149.1344444 -33.381666666),https://www.orange.nsw.gov.au/orange-regional-airport,YORG,,http://www.wikidata.org/entity/Q408,Australia
http://www.wikidata.org/entity/Q17573,OAG,http://www.wikidata.org/entity/Q63521530,Huntley,Point(149.1344444 -33.381666666),https://www.orange.nsw.gov.au/orange-regional-airport,YORG,,http://www.wikidata.org/entity/Q408,Australia
http://www.wikidata.org/entity/Q17574,PKE,http://www.wikidata.org/entity/Q3224,New South Wales,Point(148.2344444 -33.131666666),https://www.parkes.nsw.gov.au/living-here/your-community/airport/,YPKS,,http://www.wikidata.org/entity/Q408,Australia
http://www.wikidata.org/entity/Q17574,PKE,http://www.wikidata.org/entity/Q1517703,Parkes Shire,Point(148.2344444 -33.131666666),https://www.parkes.nsw.gov.au/living-here/your-community/airport/,YPKS,,http://www.wikidata.org/entity/Q408,Australia
http://www.wikidata.org/entity/Q17576,PQQ,http://www.wikidata.org/entity/Q3224,New South Wales,Point(152.863333333 -31.435833333),https://www.portmacquarieairport.com.au/,YPMQ,,http://www.wikidata.org/entity/Q408,Australia
http://www.wikidata.org/entity/Q17576,PQQ,http://www.wikidata.org/entity/Q596030,Port Macquarie-Hastings Council,Point(152.863333333 -31.435833333),https://www.portmacquarieairport.com.au/,YPMQ,,http://www.wikidata.org/entity/Q408,Australia
http://www.wikidata.org/entity/Q17578,UIR,http://www.wikidata.org/entity/Q3224,New South Wales,Point(150.5177778 -31.498333333),,YQDI,,http://www.wikidata.org/entity/Q408,Australia
http://www.wikidata.org/entity/Q17578,UIR,http://www.wikidata.org/entity/Q820671,Liverpool Plains Shire,Point(150.5177778 -31.498333333),,YQDI,,http://www.wikidata.org/entity/Q408,Australia
http://www.wikidata.org/entity/Q17581,SYD,http://www.wikidata.org/entity/Q3224,New South Wales,Point(151.1761111 -33.948333333),http://www.sydneyairport.com.au,YSSY,,http://www.wikidata.org/entity/Q408,Australia
http://www.wikidata.org/entity/Q17584,TMW,http://www.wikidata.org/entity/Q3224,New South Wales,Point(150.8511111 -31.081666666),http://www.tamworth.nsw.gov.au/Council/Council-Enterprises-and-Venues/Tamworth-Regional-Airport/Tamworth-Regional-Airport/default.aspx,YSTW,,http://www.wikidata.org/entity/Q408,Australia
http://www.wikidata.org/entity/Q17584,TMW,http://www.wikidata.org/entity/Q820721,Tamworth Regional Council,Point(150.8511111 -31.081666666),http://www.tamworth.nsw.gov.au/Council/Council-Enterprises-and-Venues/Tamworth-Regional-Airport/Tamworth-Regional-Airport/default.aspx,YSTW,,http://www.wikidata.org/entity/Q408,Australia
http://www.wikidata.org/entity/Q17587,TRO,http://www.wikidata.org/entity/Q3224,New South Wales,Point(152.513888888 -31.888611111),,YTRE,,http://www.wikidata.org/entity/Q408,Australia
http://www.wikidata.org/entity/Q17587,TRO,http://www.wikidata.org/entity/Q753116,City of Greater Taree,Point(152.513888888 -31.888611111),,YTRE,,http://www.wikidata.org/entity/Q408,Australia
http://www.wikidata.org/entity/Q17589,TEM,http://www.wikidata.org/entity/Q3224,New South Wales,Point(147.511666666 -34.421666666),,YTEM,,http://www.wikidata.org/entity/Q408,Australia
http://www.wikidata.org/entity/Q17589,TEM,http://www.wikidata.org/entity/Q820638,Temora Shire,Point(147.511666666 -34.421666666),,YTEM,,http://www.wikidata.org/entity/Q408,Australia
http://www.wikidata.org/entity/Q17591,TYB,http://www.wikidata.org/entity/Q3224,New South Wales,Point(142.058333333 -29.451666666),,YTIB,,http://www.wikidata.org/entity/Q408,Australia
http://www.wikidata.org/entity/Q17593,TUM,http://www.wikidata.org/entity/Q3224,New South Wales,Point(148.240833333 -35.262777777),,YTMU,,http://www.wikidata.org/entity/Q408,Australia
http://www.wikidata.org/entity/Q17593,TUM,http://www.wikidata.org/entity/Q820274,Tumut Shire,Point(148.240833333 -35.262777777),,YTMU,,http://www.wikidata.org/entity/Q408,Australia
http://www.wikidata.org/entity/Q17593,TUM,http://www.wikidata.org/entity/Q63527793,Mundongo,Point(148.240833333 -35.262777777),,YTMU,,http://www.wikidata.org/entity/Q408,Australia
http://www.wikidata.org/entity/Q17595,WGA,http://www.wikidata.org/entity/Q3224,New South Wales,Point(147.466388888 -35.165277777),http://www.wagga.nsw.gov.au/city-of-wagga-wagga/business/airport,YSWG,,http://www.wikidata.org/entity/Q408,Australia
http://www.wikidata.org/entity/Q17597,WGE,http://www.wikidata.org/entity/Q3224,New South Wales,Point(148.125 -30.033333333),,YWLG,,http://www.wikidata.org/entity/Q408,Australia
http://www.wikidata.org/entity/Q17597,WGE,http://www.wikidata.org/entity/Q265390,Walgett Shire,Point(148.125 -30.033333333),,YWLG,,http://www.wikidata.org/entity/Q408,Australia
http://www.wikidata.org/entity/Q17599,,http://www.wikidata.org/entity/Q3224,New South Wales,Point(151.427777777 -33.240833333),http://www.ccac.com.au/,YWVA,,http://www.wikidata.org/entity/Q408,Australia
http://www.wikidata.org/entity/Q17603,WWY,http://www.wikidata.org/entity/Q3224,New South Wales,Point(147.191666666 -33.936666666),,YWWL,,http://www.wikidata.org/entity/Q408,Australia
http://www.wikidata.org/entity/Q17603,WWY,http://www.wikidata.org/entity/Q753114,Lachlan Shire,Point(147.191666666 -33.936666666),,YWWL,,http://www.wikidata.org/entity/Q408,Australia
http://www.wikidata.org/entity/Q17604,WOL,http://www.wikidata.org/entity/Q3224,New South Wales,Point(150.7844444 -34.565),http://www.illawarraregionalairport.com.au/default.aspx?WebPage=1,YWOL,,http://www.wikidata.org/entity/Q408,Australia
http://www.wikidata.org/entity/Q17604,WOL,http://www.wikidata.org/entity/Q1534913,City of Shellharbour,Point(150.7844444 -34.565),http://www.illawarraregionalairport.com.au/default.aspx?WebPage=1,YWOL,,http://www.wikidata.org/entity/Q408,Australia
http://www.wikidata.org/entity/Q17605,NGA,http://www.wikidata.org/entity/Q3224,New South Wales,Point(148.248055555 -34.255555555),,YYNG,,http://www.wikidata.org/entity/Q408,Australia
http://www.wikidata.org/entity/Q17606,ASP,http://www.wikidata.org/entity/Q3235,Northern Territory,Point(133.902222222 -23.806944444),http://www.alicespringsairport.com.au,YBAS,,http://www.wikidata.org/entity/Q408,Australia
http://www.wikidata.org/entity/Q17607,BRT,http://www.wikidata.org/entity/Q3235,Northern Territory,Point(130.62 -11.7692),,YBTI,,http://www.wikidata.org/entity/Q408,Australia
